Area,TotalAccounts,TotalRevenue,AvgRevenue,AccountsWithRevenue
Central,529,1025981.36,1939.473270321361,529
East,570,806505.43,1943.386578313253,415
Tucson,73,142314.13999999998,1949.5087671232875,73
West,529,1031328.48,1949.581247637051,529
